Hebrew-Niqqud,Hebrew-Base,Link,Transliteration,Root,Part-of-Speech,English
×Ö¸×‘,××‘,https://www.pealim.com/dict/6009-av/,av,-,Noun â€“ masculine,father
×Ö·×‘Ö¼Ö¸×,××‘×,https://www.pealim.com/dict/4845-aba/,aba,-,Noun,"dad, father"
×Öµ×‘,××‘,https://www.pealim.com/dict/4216-ev/,ev,× - ×‘ - ×‘,"Noun â€“ ketel pattern, masculine","bud, shoot (of a plant) (lit.)"
×Ö¸×‘Ö´×™×‘,××‘×™×‘,https://www.pealim.com/dict/4084-aviv/,aviv,× - ×‘ - ×‘,"Noun â€“ katil pattern, masculine",spring (season)
×Ö²×‘Öµ×™×“Ö¸×”,××‘×™×“×”,https://www.pealim.com/dict/8743-aveda/,aveda,× - ×‘ - ×“,"Noun â€“ ktela pattern, feminine","loss; (in plural) casualties, losses"
×œÖ¶×Ö±×‘×•Ö¹×“,×œ××‘×•×“,https://www.pealim.com/dict/56-leevod/,le'evod,× - ×‘ - ×“,Verb â€“ pa'al,"to be lost, to stray, to perish"
×œÖ°×”Öµ×™×Ö¸×‘Öµ×“,×œ×”×™××‘×“,https://www.pealim.com/dict/57-leheaved/,lehe'aved,× - ×‘ - ×“,Verb â€“ nif'al,"to be lost, to perish"
×œÖ°×”Ö´×ªÖ°×Ö·×‘Ö¼Öµ×“,×œ×”×ª××‘×“,https://www.pealim.com/dict/59-lehitabed/,lehit'abed,× - ×‘ - ×“,Verb â€“ hitpa'el,to commit suicide
×Ö´×™×‘Ö¼×•Ö¼×“,××™×‘×•×“,https://www.pealim.com/dict/3636-ibud/,ibud,× - ×‘ - ×“,"Noun â€“ kittul pattern, masculine","loss, disappearance"
×”Ö´×ªÖ°×Ö·×‘Ö¼Ö°×“×•Ö¼×ª,×”×ª××‘×“×•×ª,https://www.pealim.com/dict/3006-hitabdut/,hit'abdut,× - ×‘ - ×“,"Noun â€“ hitkattlut pattern, feminine",suicide
×œÖ°×”Ö·×Ö²×‘Ö´×™×“,×œ×”××‘×™×“,https://www.pealim.com/dict/6074-lehaavid/,leha'avid,× - ×‘ - ×“,Verb â€“ hif'il,"to destroy, to demolish, to cause utter loss"
×Ö²×‘Öµ×“Ö¸×”,××‘×“×”,https://www.pealim.com/dict/3637-aveda/,aveda,× - ×‘ - ×“,"Noun â€“ ktela pattern, feminine",loss
×Ö¸×‘×•Ö¼×“,××‘×•×“,https://www.pealim.com/dict/3638-avud/,avud,× - ×‘ - ×“,Adjective â€“ katul pattern,lost; hopeless
×œÖ°×Ö·×‘Ö¼Öµ×“,×œ××‘×“,https://www.pealim.com/dict/58-leabed/,le'abed,× - ×‘ - ×“,Verb â€“ pi'el,"to lose, to destroy"
×Ö²×‘Ö·×“Ö¼×•Ö¹×Ÿ,××‘×“×•×Ÿ,https://www.pealim.com/dict/7199-avadon/,avadon,× - ×‘ - ×“,Noun,"destruction, devastation"
×Ö¸×‘×•Ö¹×§Ö¸×“×•Ö¹,××‘×•×§×“×•,https://www.pealim.com/dict/7061-avokado/,avokado,-,Noun â€“ masculine,ğŸ¥‘ avocado
×Ö·×‘Ö°×–Ö¸×,××‘×–×,https://www.pealim.com/dict/9010-avzam/,avzam,-,Noun â€“ masculine,buckle (of a belt)
×œÖ°×Ö·×‘Ö°×–Öµ×¨,×œ××‘×–×¨,https://www.pealim.com/dict/8634-leavzer/,le'avzer,× - ×‘ - ×– - ×¨,Verb â€“ pi'el,"to equip, fit out"
×Ö´×™×‘Ö°×—×•Ö¼×Ÿ,××™×‘×—×•×Ÿ,https://www.pealim.com/dict/3915-ivchun/,ivchun,× - ×‘ - ×— - ×Ÿ,"Noun â€“ kittul pattern, masculine","check, diagnosis; diagnostics"
×œÖ°×Ö·×‘Ö°×—Öµ×Ÿ,×œ××‘×—×Ÿ,https://www.pealim.com/dict/60-leavchen/,le'avchen,× - ×‘ - ×— - ×Ÿ,Verb â€“ pi'el,"to diagnose, to analyse"
×œÖ°×Ö·×‘Ö°×˜Öµ×—Ö·,×œ××‘×˜×—,https://www.pealim.com/dict/61-leavteach/,le'avteach,× - ×‘ - ×˜ - ×—,Verb â€“ pi'el,"to secure, to protect"
×Ö´×™×‘Ö°×˜×•Ö¼×—Ö·,××™×‘×˜×•×—,https://www.pealim.com/dict/4737-ivtuach/,ivtuach,× - ×‘ - ×˜ - ×—,"Noun â€“ kittul pattern, masculine","protection, guarding, securing"
×Ö²×‘Ö·×˜Ö¼Ö´×™×—Ö·,××‘×˜×™×—,https://www.pealim.com/dict/5597-avatiach/,avatiach,-,Noun â€“ masculine,watermelon
×Ö·×‘Ö°×˜Ö´×™×¤Ö¼×•Ö¼×¡,××‘×˜×™×¤×•×¡,https://www.pealim.com/dict/6957-avtipus/,avtipus,-,Noun,prototype
×œÖ¶×Ö±×‘×•Ö¹×ª,×œ××‘×•×ª,https://www.pealim.com/dict/3849-leevot/,le'evot,× - ×‘ - ×”,Verb â€“ pa'al,"to desire, to want (archaic)"
×Ö²×‘Ö´×™×–Ö¸×¨,××‘×™×–×¨,https://www.pealim.com/dict/9011-avizar/,avizar,-,Noun â€“ masculine,accessory
××•Ö¹×‘Ö¶×šÖ°,××•×‘×š,https://www.pealim.com/dict/8521-ovech/,ovech,× - ×‘ - ×š,"Noun â€“ kotel pattern, masculine","haze, haziness"
×Öµ×‘Ö¶×œ,××‘×œ,https://www.pealim.com/dict/3195-evel/,evel,× - ×‘ - ×œ,"Noun â€“ ketel pattern, masculine",mourning
×œÖ¶×Ö±×‘×•Ö¹×œ,×œ××‘×•×œ,https://www.pealim.com/dict/3967-leevol/,le'evol,× - ×‘ - ×œ,Verb â€“ pa'al,"to grieve, to mourn (×¢×œ) (lit.)"
×Ö²×‘Ö¸×œ,××‘×œ,https://www.pealim.com/dict/4642-aval/,aval,-,Conjunction,"but, however"
×œÖ°×”Ö´×ªÖ°×Ö·×‘Ö¼Öµ×œ,×œ×”×ª××‘×œ,https://www.pealim.com/dict/62-lehitabel/,lehit'abel,× - ×‘ - ×œ,Verb â€“ hitpa'el,"to mourn, to grieve (×¢×œ)"
×œÖ°×”Ö´×ªÖ°×Ö·×‘Ö¼Öµ×Ÿ,×œ×”×ª××‘×Ÿ,https://www.pealim.com/dict/63-lehitaben/,lehit'aben,× - ×‘ - ×Ÿ,Verb â€“ hitpa'el,to turn into stone
×Ö¶×‘Ö¶×Ÿ,××‘×Ÿ,https://www.pealim.com/dict/6055-even/,even,× - ×‘ - ×Ÿ,"Noun â€“ ketel pattern, feminine",stone
×Ö°××•Ö¼×‘Ö¼Ö¸×Ÿ,×××•×‘×Ÿ,https://www.pealim.com/dict/8449-meuban/,me'uban,× - ×‘ - ×Ÿ,"Noun â€“ mekuttal pattern, masculine",fossil
×œÖ°×Ö·×‘Ö¼Öµ×Ÿ,×œ××‘×Ÿ,https://www.pealim.com/dict/7606-leaben/,le'aben,× - ×‘ - ×Ÿ,Verb â€“ pi'el,"to petrify, to turn to stone; to immobilize, to stun"
×œÖ°×”Ö·×Ö²×‘Ö´×™×¡,×œ×”××‘×™×¡,https://www.pealim.com/dict/5476-lehaavis/,leha'avis,× - ×‘ - ×¡,Verb â€“ hif'il,to feed (livestock)
×”Ö·×Ö²×‘Ö¸×¡Ö¸×”,×”××‘×¡×”,https://www.pealim.com/dict/8217-haavasa/,ha'avasa,× - ×‘ - ×¡,"Noun â€“ haktala pattern, feminine",feeding (animals)
×œÖ°×”Öµ×™×Ö¸×‘Öµ×§,×œ×”×™××‘×§,https://www.pealim.com/dict/64-leheavek/,lehe'avek,× - ×‘ - ×§,Verb â€“ nif'al,"to struggle, to wrestle"
×Ö´×™×‘Ö¼×•Ö¼×§,××™×‘×•×§,https://www.pealim.com/dict/4738-ibuk/,ibuk,× - ×‘ - ×§,"Noun â€“ kittul pattern, masculine",Ö”powdering; dusting
×Ö·×Ö²×‘Ö¸×§,×××‘×§,https://www.pealim.com/dict/5458-maavak/,ma'avak,× - ×‘ - ×§,"Noun â€“ miktal pattern, masculine","strife, struggle, fight"
×Ö¸×‘Ö¸×§,××‘×§,https://www.pealim.com/dict/3328-avak/,avak,× - ×‘ - ×§,"Noun â€“ katal pattern, masculine","dust, powder"
×œÖ°×”Ö´×ªÖ°×Ö·×‘Ö¼Öµ×§,×œ×”×ª××‘×§,https://www.pealim.com/dict/3681-lehitabek/,lehit'abek,× - ×‘ - ×§,Verb â€“ hitpa'el,"to wrestle, to struggle"
×œÖ°×”Ö´×ªÖ°×Ö·×‘Ö¼Öµ×§,×œ×”×ª××‘×§,https://www.pealim.com/dict/3682-lehitabek/,lehit'abek,× - ×‘ - ×§,Verb â€“ hitpa'el,to become dusty
×Ö°××•Ö¼×‘Ö¼Ö¸×§,×××•×‘×§,https://www.pealim.com/dict/3683-meubak/,me'ubak,× - ×‘ - ×§,Adjective â€“ mekuttal pattern,dusty
×œÖ°×Ö·×‘Ö¼Öµ×§,×œ××‘×§,https://www.pealim.com/dict/3046-leabek/,le'abek,× - ×‘ - ×§,Verb â€“ pi'el,"to powder, to grind to dust"
×œÖ°×”Ö·×Ö²×‘Ö´×™×§,×œ×”××‘×™×§,https://www.pealim.com/dict/5722-lehaavik/,leha'avik,× - ×‘ - ×§,Verb â€“ hif'il,to pollinate
×Ö·×‘Ö¼Ö´×™×¨,××‘×™×¨,https://www.pealim.com/dict/5585-abir/,abir,× - ×‘ - ×¨,"Noun â€“ kattil pattern, masculine",knight; nobleman
×Ö¶×‘Ö°×¨Ö¸×”,××‘×¨×”,https://www.pealim.com/dict/7997-evra/,evra,× - ×‘ - ×¨,"Noun â€“ kitla pattern, feminine","pinion, wing (lit.)"
×Ö·×’Ö¼Ö·×‘,××’×‘,https://www.pealim.com/dict/7628-agav/,agav,-,Adverb,"by the way, incidentally; while, during"
×Ö´×™×’Ö¼×•Ö¼×“,××™×’×•×“,https://www.pealim.com/dict/4739-igud/,igud,× - ×’ - ×“,"Noun â€“ kittul pattern, masculine","union, organisation"
×”Ö´×ªÖ°×Ö·×’Ö¼Ö°×“×•Ö¼×ª,×”×ª××’×“×•×ª,https://www.pealim.com/dict/4182-hitagdut/,hit'agdut,× - ×’ - ×“,"Noun â€“ hitkattlut pattern, feminine","union, corporation"
×œÖ¶×Ö±×’×•Ö¹×“,×œ××’×•×“,https://www.pealim.com/dict/4172-leegod/,le'egod,× - ×’ - ×“,Verb â€“ pa'al,"to bind together, to tie up (lit.); to unite"
××•Ö¼×’Ö°×“Ö¼Ö¸×”,××•×’×“×”,https://www.pealim.com/dict/4181-ugda/,ugda,× - ×’ - ×“,"Noun â€“ kutla pattern, feminine",division (army)
×Ö²×’×•Ö¼×“Ö¼Ö¸×”,××’×•×“×”,https://www.pealim.com/dict/4179-aguda/,aguda,× - ×’ - ×“,"Noun â€“ ktulla pattern, feminine","union, association"
×œÖ°×”Ö´×ªÖ°×Ö·×’Ö¼Öµ×“,×œ×”×ª××’×“,https://www.pealim.com/dict/4175-lehitaged/,lehit'aged,× - ×’ - ×“,Verb â€“ hitpa'el,"to unite, to form a union"
×Ö¶×’Ö¶×“,××’×“,https://www.pealim.com/dict/4176-eged/,eged,× - ×’ - ×“,"Noun â€“ ketel pattern, masculine","bundle, bunch (lit.); bandage"
×Ö²×’Ö´×™×“Ö¸×”,××’×™×“×”,https://www.pealim.com/dict/4180-agida/,agida,× - ×’ - ×“,"Noun â€“ ktila pattern, feminine","binding, bundling (dated)"
××•Ö¹×’Öµ×“,××•×’×“,https://www.pealim.com/dict/7687-oged/,oged,× - ×’ - ×“,"Noun â€“ kotel pattern, masculine",copula (grammar)
××•Ö¹×Ö³×’Ö¸×“,××•××’×“,https://www.pealim.com/dict/8505-moogad/,mo'ogad,× - ×’ - ×“,Adjective â€“ muktal pattern,incorporated
×œÖ°×Ö·×’Ö¼Öµ×“,×œ××’×“,https://www.pealim.com/dict/4173-leaged/,le'aged,× - ×’ - ×“,Verb â€“ pi'el,"to unite, to join together"
